{"cameraMode":{"drawMode":0,"name":"Shaded","section":"Shading Mode"},"sceneLighting":true,"audioPlay":false,"sceneViewState":{"showFog":true,"showMaterialUpdate":false,"showSkybox":true,"showFlares":true,"showImageEffects":true,"showParticleSystems":true},"in2DMode":false,"pivot":{"x":-0.4431999623775482,"y":0.9640020132064819,"z":0.5157397389411926},"rotation":{"x":-0.48160824179649355,"y":0.00710028363391757,"z":-0.0038828200194984676,"w":-0.8763635158538818},"size":0.9533798098564148,"orthographic":false}